Name,SEO:Slug,SEO:Title,SEO:Description,Contenu,Nombre de solutions texte,SEO Meta test,Nombre de solutions,Cible,Solution ou logiciel,SEO:Index,Liste des logiciels copy,Sélectionner,Done ?,Demandes,Commentaires
"Communication","Solution_communication","Les 9 meilleurs solutions de Communication pour expert comptable - 2024","Découvrir notre liste des 9 meilleurs solutions de Communication dédiées aux expert comptables.","## Qu'est-ce qu'une agence digitale et comment peut-elle aider un expert-comptable?
Une agence digitale est une société spécialisée dans la création et la mise en place de stratégies de communication et de marketing en ligne. Pour un expert-comptable, faire appel à une agence digitale peut être bénéfique non seulement pour développer sa présence en ligne, mais aussi pour attirer les bons clients qui correspondent aux valeurs du cabinet. Les services offerts par une agence digitale pour les experts-comptables couvrent un large éventail de domaines tels que la création de site internet, le référencement, la communication digitale et le marketing.
Cela peut se traduire par la définition des valeurs de son cabinet, la création d'un site internet professionnel, la mise en place de campagnes de référencement naturel (SEO) ou la gestion des réseaux sociaux tels que Linkedin pour accroître la visibilité sur internet et attirer de nouveaux clients de qualité, mais aussi développer une stratégie locale.
## Comment choisir la bonne agence de communication pour un expert-comptable?
Lors du choix d'une agence de communication pour un cabinet d'expertise-comptable, plusieurs critères doivent être pris en considération.
1. Il est important de vérifier l'expérience et l'expertise de l'agence dans le domaine de l'expertise comptable. Une bonne agence devrait avoir une connaissance approfondie du métier et être en mesure de proposer des solutions adaptées aux besoins spécifiques d'un expert-comptable.
2. Les avis clients sont un indicateur important pour évaluer une agence de communication. Il est recommandé de consulter les témoignages et recommandations de clients précédents pour se faire une idée de la qualité des services proposés par l'agence.
3. Une agence capable de personnaliser ses services pour répondre aux besoins spécifiques d'un expert-comptable sera en mesure de proposer des stratégies de communication efficaces et adaptées.
","9 fiches","Titre long + Description courte",9,"[object Object]",[object Object],1,"Les Echos Publishing , Classe 7, Expert SA, 1min30, Hexagon Stratégie, Revue Fiduciaire, Lamacompta, LegalCity, Sellsy, Booster Digital, Simplébo",[object Object],true,,
"Gestion comptable expert-comptable","Logiciel_gestion_comptable_expert-comptable","Les 14 meilleurs logiciels de Gestion comptable  pour expert comptable - 2024","Découvrir notre liste des 14 meilleurs logiciels de Gestion comptable  dédiées aux expert comptables.","Bienvenue sur votre ressource fiable pour choisir le logiciel de production comptable idéal pour les experts-comptables. Dans cette catégorie, nous détaillons les avantages des divers logiciels disponibles, les nuances entre les solutions SaaS et sur serveur, et les critères cruciaux à considérer lors de votre sélection. C'est parti !

## **Avantages clés des logiciels de production comptable**
- **Automatisation** : Minimisez les efforts manuels en automatisant les processus comptables récurrents.
- **Qualité des données** : Assurez une précision impeccable, réduisez les erreurs de saisie et facilitez la révision comptable.
- **Collaboration** : Renforcez la collaboration et la communication avec les clients grâce à des fonctionnalités intuitives.

## **SaaS vs sur Serveur : Lequel choisir ?**
Comprendre les spécificités de chaque option vous aidera à faire un choix éclairé :
- **Accessibilité** : Les solutions SaaS favorisent le travail à distance, tandis que les options sur serveur peuvent offrir une stabilité accrue.
- **Mises à jour** : Profitez des mises à jour automatiques avec SaaS, tandis que l'option sur serveur pourrait nécessiter des interventions manuelles.
- **Coût** : SaaS propose des plans d'abonnement flexibles, mais peut s'avérer plus coûteux sur le long terme.
- **Sécurité** : Bien que les deux options offrent des mesures de sécurité robustes, les solutions SaaS sont souvent perçues comme plus sécurisées grâce à des mises à jour fréquentes et une infrastructure cloud solide.
- **Évolutivité** : Les logiciels basés sur le cloud sont plus flexibles et évolutifs comparativement aux solutions sur serveur.
- **Support technique** : Veillez à choisir une solution avec un support technique réactif et accessible, qu'il soit inclus dans l'offre ou à travers un contrat séparé.
- **Intégration de l'écosystème** : Les solutions SaaS facilitent l'intégration avec divers outils et services, offrant une expérience plus fluide et connectée.

## **Critères de sélection**
Alors que vous explorez les options, gardez à l'esprit les éléments suivants :
- **Fonctionnalités spécifiques** nécessaires pour votre cabinet
- **Conformité réglementaire** et mise à jour légale
- **Facilité d'utilisation** et interface utilisateur intuitive
- **Avis des clients** et réputation du fournisseur

> Nous sommes là pour vous aider à naviguer dans cette sélection cruciale. **Explorez chaque fiche produit** pour obtenir des détails complets et faire un choix éclairé !
","14 fiches","Titre long + Description courte",14,"[object Object]",[object Object],1,"Comptabilité Expert, Isacompta, Cegid Quadra, Cegid Loop, Cogilog, Fulll, Inqom, MyUnisoft, Sage Génération Experts, Pennylane, Teogest, bobbee, Tiime, Ytems",[object Object],true,,
"Audit","Logiciel_audit","Les 8 meilleurs logiciels d'Audit pour expert comptable - 2024","Découvrir notre liste des 8 meilleurs logiciels d'Audit dédiées aux expert comptables.","L'évolution constante du monde de l'audit et du commissariat aux comptes a rendu indispensable l'adoption de solutions technologiques sophistiquées pour gérer efficacement les processus d'audit. Pour rester compétitifs, les commissaires aux comptes ont aujourd'hui à leur disposition une panoplie de logiciels dédiés qui offrent une gamme variée de fonctionnalités, conçus pour faciliter, automatiser et optimiser les opérations d'audit.
## **Caractéristiques Essentielles**
Un bon logiciel d'audit doit d'abord et avant tout permettre la conformité aux réglementations et normes en vigueur. De nombreux logiciels offrent des modules spécifiques permettant d'assurer que toutes les étapes de l'audit sont conformes aux normes d’exercice professionnel (NEP) et aux lois en vigueur.
Les logiciels d'audit actuels offrent souvent des solutions intégrées pour la gestion des données, telles que l'importation de fichiers FEC, de balances comptables, ou d'autres données financières. Ils permettent également de stocker et d'analyser des volumes importants de données, facilitant ainsi l'identification d'anomalies ou de tendances problématiques.
Les fonctionnalités de reporting sont également primordiales. Un tableau de bord intuitif, permettant de visualiser en temps réel l'avancement des missions d'audit, les anomalies détectées, ou même les indicateurs de performance clés, peut être un véritable atout.
De plus en plus, ces logiciels adoptent une approche collaborative, permettant à plusieurs auditeurs de travailler en simultané sur une même mission. Le stockage dans le cloud est également une tendance forte, permettant un accès aux données et aux fonctionnalités de l'outil, quel que soit le lieu ou le moment.
## **Intérêts et Avantages**
Un des avantages majeurs des logiciels d'audit est sans doute le gain de temps et l'efficacité qu'ils offrent. Les tâches répétitives et chronophages sont automatisées, libérant les auditeurs pour se concentrer sur des tâches à valeur ajoutée.
L'automatisation et les contrôles intégrés réduisent également le risque d'erreur humaine, permettant ainsi d'augmenter la fiabilité et la qualité des audits réalisés.
Les solutions logicielles modernes offrent des fonctionnalités avancées pour garantir la sécurité et l'intégrité des données, un enjeu de plus en plus crucial dans un monde de plus en plus connecté.
## **Tendances à Suivre**
L'intelligence artificielle et l'analytique avancée sont en train de révolutionner le domaine de l'audit. L'IA permet, par exemple, d'automatiser l'analyse de données à grande échelle et de détecter des anomalies qui auraient pu passer inaperçues.
La prise en compte des critères environnementaux, sociaux et de gouvernance (ESG) dans les audits est également une tendance montante, et de plus en plus de logiciels commencent à intégrer des modules dédiés à cet effet.
La tendance vers des solutions mobiles permettant d'accéder à son environnement de travail audit depuis n'importe où est également à noter. Cela est d'autant plus pertinent dans le contexte actuel, où le télétravail et la mobilité sont devenus la norme plutôt que l'exception.
","8 fiches","Description courte",8,"[object Object]",[object Object],1,"RevisAudit, Caseware, Auditsoft Premier, DreamAudit, Cacao, Control FEC, Conformexpert, Acropole Expert CAC",[object Object],true,,
"Ressources Humaines","Logiciel_ressources_humaines","Les 12 meilleurs logiciels de Ressources Humaines pour entreprise - 2024","Découvrir notre liste des 12 meilleurs logiciels de Ressources Humaines dédiées aux entreprises.","Dans le monde dynamique et en constante évolution des ressources humaines, choisir le bon logiciel RH est devenu une priorité pour les entreprises de toutes tailles. Le SIRH, ou Système d'Information de Gestion des Ressources Humaines, centralise les données RH et automatise les processus administratifs, permettant ainsi de gagner du temps et d'optimiser la gestion du personnel. Qu'il s'agisse de la gestion de la paie, du recrutement, de la gestion des talents ou du temps de travail, les meilleurs logiciels RH offrent une panoplie de fonctionnalités pour répondre aux besoins spécifiques du service RH. Dans cet article, nous explorerons les logiciels incontournables, chacun avec ses propres avantages, pour vous aider à choisir le type de logiciel le plus adapté à vos besoins en gestion des ressources humaines.
## **Fonctionnalités attendues :**
1. **Gestion de la paie** : Automatisation du calcul et de la distribution des fiches de paie en respectant les régulations en vigueur.
2. **Gestion des temps et activités** : Suivi des heures de travail, des pauses, et de la planification du personnel.
3. **Gestion des talents** : Soutien des processus liés au développement des talents, y compris la formation, les évaluations et la gestion des carrières.
4. **Gestion des congés et absences** : Système de demande et d'approbation des congés, ainsi que le suivi des absences pour raisons diverses.
5. **Dématérialisation RH** : Digitalisation des processus RH tels que les contrats, les bulletins de paie et les notes de frais.
6. **Conformité règlementaire** : Assurer la conformité aux lois et règlements locaux, nationaux et internationaux.
7. **Portails employés et managers** : Des interfaces spécifiques pour différents niveaux de personnel pour accéder et gérer les informations pertinentes.
8. **Gestion des notes de frais** : Simplification et automatisation de la soumission et du remboursement des dépenses professionnelles.
9. **Analyse et reporting** : Fonctionnalités de Business Intelligence pour suivre et analyser des KPIs pertinents.
## **Points d'intérêt d'un bon logiciel de ressources humaines**
1. **Intégration avec d'autres systèmes** : La capacité à s'intégrer facilement avec d'autres logiciels de l'entreprise, tels que la comptabilité ou la paie.
2. **Ergonomie de l'interface** : Une interface utilisateur intuitive et facile à naviguer pour tous les niveaux d'utilisateurs.
3. **Personnalisation** : La possibilité de personnaliser les workflows, les rapports et les indicateurs en fonction des besoins spécifiques de l'entreprise.
4. **Sécurité des données** : Protocoles de sécurité robustes pour protéger les données sensibles.
5. **Évolutivité** : La capacité du logiciel à évoluer en fonction de la croissance de l'entreprise.
6. **Support et formation** : Disponibilité d'un support technique réactif et d'options de formation pour les utilisateurs.
7. **Conformité légale** : Mise à jour régulière du logiciel pour assurer la conformité avec les changements législatifs et réglementaires.
","12 fiches","Titre long + Description courte",12,"[object Object]",[object Object],1,"Lucca, PayFit, ADP RH, Agrume, BambooHR, CEGID Talentsoft, Combo, Hifivework, Talentia RH",[object Object],true,,
"Facturation & paiement","Logiciel_facturation_&_paiement","Les 25 meilleurs logiciels de Facturation & paiement pour entreprise - 2024","Découvrir notre liste des 25 meilleurs logiciels de Facturation & paiement dédiées aux entreprises.",,"25 fiches","Titre long + Description courte",25,"[object Object]",[object Object],1,"Devizen, Jefacture.com, Factomos, MEG Gestion, Teogest, Regate, iPaidThat, Evoliz, Agicap, Axonaut, Hubtimize, MY.Facturation, Qonto, Sellsy, Shine, Libeo, Bridge, Cegid Devis Factures, Docapost, GoCardless, Henrri, INFast, JePiloteMonEntreprise, Stripe",[object Object],,,
"Gestion interne","Logiciel_gestion_interne","Les 17 meilleurs logiciels de Gestion interne pour expert comptable - 2024","Découvrir notre liste des 17 meilleurs logiciels de Gestion interne dédiées aux expert comptables.",,"17 fiches","Titre long + Description courte",17,"[object Object]",[object Object],1,"DIA Client GI, IsaGI, Beeye, Cegid Quadra, Cegid Loop, Welyb, Queoval, Tempolia, O'Expert, Teogest, Anikop Expert, Akuiteo, Dayboard, Kinexo, Vesper, Octovision, TaxDome",[object Object],,,
"Saisie automatisée (OCR)","Logiciel_saisie_automatisée_ocr","Les 0 meilleurs logiciels de Saisie automatisée (OCR) pour expert comptable - 2024","Découvrir notre liste des 0 meilleurs logiciels de Saisie automatisée (OCR) dédiées aux expert comptables.","En tant qu'expert comptable, la gestion des factures fournisseurs ainsi que la saisie manuelle des données peuvent être des tâches chronophages. Grâce à la technologie OCR (Optical Character Recognition), l'automatisation de ces processus est désormais possible, rendant les cabinets d'expertise comptable plus attractifs pour ses collaborateurs tout en améliorant la gestion de la trésorerie.
## L'OCR permet d'automatiser l'intégration des données dans le logiciel comptable
Le logiciel OCR, un outil indispensable, permet la numérisation des factures pour une reconnaissance optique des caractères. Cette technologie permet d'extraire les montants HT et TVA, de numériser le document, puis d'intégrer de manière automatique les données dans le logiciel comptable. C'est une fonctionnalité qui favorise l'automatique des factures en évitant les erreurs de saisie. On recherche donc dans un OCR une bonne intégrations avec votre logiciel comptable. Il doit aussi apprendre au fur et à mesure que vous corriger ses erreurs ou doutes.
## L'OCR permet aux cabinets d'automatiser les tâches à faible valeur ajoutée et rendre le cabinet plus attractif pour ses collaborateurs
L'automatisation grâce à un logiciel OCR peut aider à supprimer les tâches à faible valeur ajoutée. Cela rend le travail des collaborateurs plus efficient, leur permettant de se concentrer sur des missions à haute valeur ajoutée. Ce qui permet de rendre les cabinets plus attractifs pour les nouveaux talents souhaitant travailler avec les solutions modernes et davantage orienté dans le contrôle des données.
## Avec l'arrivée de la facture électronique, l'OCR permettra toujours de gérer les documents non impactés par la réforme (B2C, transactions internationales, etc)
La réforme de la facture électronique n'englobera pas tout le spectre des factures circulant, il existera toujours des documents non pris en charge comme les factures B2C, les factures avec clients hors-France ou les notes de frais. Dans tous les cas, s'équiper permet de préparer la réforme et digitaliser les processus de son cabinet.
","0 fiches","Titre long + Description courte",0,"[object Object]",[object Object],0,"Ami Compta, NeoExpert (ex AgoraExpert), Cegid Loop, Chaintrust, Dext (ex ReceiptBank), Cegid Conciliator, FacNote, Numen Experts, Idocus, Scriptura, Yooz, Teogest, Numericompta, SoBank",[object Object],true,,
"CRM","Logiciel_crm","Les 10 meilleurs logiciels de CRM pour expert comptable, entreprise - 2024","Découvrir notre liste des 10 meilleurs logiciels de CRM dédiées aux expert comptable, entreprises.",,"10 fiches","Titre long + Description courte",10,"[object Object];[object Object]",[object Object],1,"Anikop Expert, MyCabeo, Sellsy, Dia Client GRC, Cegid XRP Flex, Vesper, Freshsales, Pipedrive, SalesForce, TaxDome",[object Object],,,
"Hébergement","Solution_hébergement","Les 7 meilleurs solutions d'Hébergement pour expert comptable - 2024","Découvrir notre liste des 7 meilleurs solutions d'Hébergement dédiées aux expert comptables.","Dans le monde numérique d'aujourd'hui, il est devenu essentiel pour les experts-comptables de s'appuyer sur des solutions informatiques fiables et sécurisées pour gérer efficacement leurs données et leurs tâches quotidiennes. La gestion des données et la conformité aux normes de sécurité sont des éléments clés qui ne peuvent être ignorés. Afin de répondre à ces besoins, il existe une gamme variée d'hébergeurs spécialisés dans le domaine de la comptabilité. Voici un aperçu des différents types d'hébergeurs disponibles, chacun avec ses particularités et avantages.
## **Hébergeurs à Taille Humaine**
### **Asserina**
Ce type d'hébergeur, représenté par **Asserina**, est particulièrement adapté pour les cabinets qui cherchent un service plus personnalisé. Asserina a plus de 20 ans d'expérience dans le domaine et se spécialise dans le développement de solutions logicielles spécifiques. L'un des principaux avantages est la possibilité de travailler directement avec Marc Begot, un expert du secteur. Les services proposés incluent l'hébergement Cloud sécurisé et évolutif, des solutions de développement sur mesure et un support technique personnalisé.
## **Hébergeurs Officiels de Logiciels de Comptabilité**
### **BurstOnline**
**BurstOnline** est un exemple d'hébergeur qui est également le partenaire officiel de Sage. Spécialisé dans l'accompagnement des métiers de l'expertise comptable, BurstOnline propose des outils et services pour aider les cabinets à évoluer et à s'adapter aux nouvelles technologies. Leur offre se distingue par un hébergement souverain, une attention particulière à la cyber-sécurité et des outils de reporting avancés.
## **Hébergeurs Spécialisés dans les Solutions ACD**
### **Coaxis**
**Coaxis** se focalise sur les solutions ACD et offre une large gamme de services, allant de l'hébergement et infogérance à la messagerie collaborative et aux logiciels de gestion. Avec plus de 20 ans d'expérience et plus de 800 cabinets d'expertise comptable accompagnés, Coaxis assure la sécurité, la transparence et la flexibilité dans les solutions qu'il propose.
## **Hébergeurs Multi-services**
### **CPEM**
**CPEM** est une entreprise qui propose des solutions informatiques spécialisées et sur mesure aux cabinets d'experts-comptables. Avec 30 ans d'expérience dans le domaine, CPEM propose une gamme de solutions allant de la fourniture du cloud privé à l'hébergement des applications dans un environnement RGPD compatible.
## **Hébergeurs Indépendants des Éditeurs**
### **LinkOffice**
**LinkOffice** n'est lié à aucun éditeur en particulier, offrant ainsi une plus grande liberté de choix aux cabinets. Ils proposent des solutions d'externalisation et d'hébergement basées sur une technologie de Poste de travail virtuel.
## **Hébergeurs avec Solutions de Cloud Privé**
### **SAAS360 (IAH)**
**SAAS360 (IAH)** est une solution d'hébergement du groupe Agiris. Elle permet aux cabinets de se libérer des contraintes informatiques et de se concentrer sur leur cœur de métier. Elle assure également que les clients travaillent avec les dernières versions et évolutions réglementaires grâce aux mises à jour constantes.

## **Conclusion**
Le choix d'un hébergeur est une décision stratégique pour tout cabinet d'expertise comptable. Que vous recherchiez un service plus personnalisé, une solution multi-services ou un hébergement spécialisé, il y a fort à parier que vous trouverez l'hébergeur qui répondra à vos besoins spécifiques. Chaque hébergeur présenté ici offre une palette de services et d'avantages qui peuvent s'aligner avec les divers besoins et préférences des cabinets d'expertise comptable.
","7 fiches","Description courte",7,"[object Object]",[object Object],1,"Asserina, LinkOffice, SAAS360 (IAH), Coaxis, CPEM, BurstOnline",[object Object],true,,
"Analyse de données","Logiciel_analyse_de_données","Les 15 meilleurs logiciels d'Analyse de données pour expert comptable - 2024","Découvrir notre liste des 15 meilleurs logiciels d'Analyse de données dédiées aux expert comptables.","## Qu'est-ce qu'une analyse complète de FEC ?
L'analyse des données du FEC est un processus audit essentiel pour tous les systèmes d'information comptables. Le FEC est un fichier qui comprend tous les champs de données d'écritures comptables pour une année comptable.
L'analyse de données FEC offre de nombreux avantages, comme permettre aux comptables de vérifier la cohérence et l’intégralité des données comptables , faciliter la tâche des auditeurs internes et externes et contribuer à une meilleures gestion des flux financiers.
Il permet aussi de faire des analyses sur les données des clients, d'avoir des alertes, de les conseiller dessus et de leur offrir des tableaux de bord personnalisés.
## Les logiciels d'analyse du FEC
Il existe un ensemble d'outils d'analyse de données offrant des capacités de navigation interactives et de génération de rapports. Ils permettent la manipulation et l'analyse de grandes quantités de données du FEC. Il aide les experts-comptables dans l'automatisation de leur travail en créant des tableaux de bord personnalisables qui facilitent le suivi des diverses écritures comptable avec la possibilité de créer des visualisations interactives et permet une analyse de données plus approfondie et accessible que des logiciels tels que Excel. En permettant notamment de donner accès à vos clients à ces analyses.
Certains logiciels permettent de détecter automatiquement les anomalies dans le FEC, ce qui permet d'améliorer la conformité fiscale et donc d'éviter de potentielles sanctions fiscales.
Le choix du bon logiciel pour l'analyse de FEC doit tenir compte des besoins spécifiques du cabinet comptable. Certains pourraient préférer une puissante navigation des données tandis que d'autres peuvent chercher un outil avec une interface conviviale.
La comparaison des outils en ligne est essentielle pour choisir le logiciel qui répond le mieux aux besoins de l'entreprise. L'évaluation devrait porter sur des facteurs tels que les fonctionnalités, la facilité d'utilisation et le coût.
","15 fiches","Titre long + Description courte",15,"[object Object]",[object Object],1,"EMA Sphere, Sesha, Silverfin, Waibi, Forekasts, Atometrics, Dazzboard, Finthesis, Bilan imagé, Runview, Shearn, Trezy, Jedataviz, Fygr, Kanta",[object Object],true,,
"Coffre fort","Logiciel_coffre_fort","Les 6 meilleurs logiciels de Coffre fort pour expert comptable - 2024","Découvrir notre liste des 6 meilleurs logiciels de Coffre fort dédiées aux expert comptables.",,"6 fiches","Description courte",6,"[object Object]",[object Object],1,"Cecurity, Silae Dématérialisation, UKG HR Service Delivery (ex MyPeopleDoc), Gérer mes affaires, Lockself, Docapost",[object Object],,"Unnamed record",
"Production sociale","Logiciel_production_sociale","Les 14 meilleurs logiciels de Production sociale pour expert comptable - 2024","Découvrir notre liste des 14 meilleurs logiciels de Production sociale dédiées aux expert comptables.","La gestion des ressources humaines (RH) et de la paie est un enjeu crucial pour les experts-comptables et leurs clients. Avec l'évolution constante de la législation, les besoins en solutions digitales de pointe pour gérer les tâches sociales sont de plus en plus pressants. Heureusement, de nombreuses solutions logicielles existent pour faciliter cette tâche. Dans notre liste, vous trouverez une variété de logiciels avec des fonctionnalités diverses et adaptées à des besoins spécifiques. Voici une présentation des différentes typologies de logiciels de production sociales et de leurs caractéristiques principales.
## **Solutions de sous-traitance de la paie pour un cabinet comptable**
Si vous cherchez à externaliser la gestion de la paie, **EcoSysPaye** est fait pour vous. Ce service est spécialisé dans la sous-traitance de paie pour les experts-comptables et propose également l'externalisation de la paie pour les TPE et PME. Les avantages comprennent un service fiable, un gain de temps significatif et la limitation des risques technologiques.
Pour ceux qui préfèrent un service plus personnalisé, **Paye Expert Solution** et **Rue de la Paye** offrent des services d'externalisation de la gestion sociale et RH. Ils proposent un accompagnement quotidien avec des experts de la paie, de la gestion sociale et des solutions RH. Rue de la Paye propose également des prestations à la carte, vous permettant de personnaliser le niveau d'implication selon vos besoins.
## **Logiciels de paie en SaaS et spécialisées pour les experts-compables**
Si l'accès à distance est une priorité, **Nibelis** et **SilaExpert** sont des solutions cloud qui permettent de gérer la paie et les ressources humaines en ligne. Nibelis est particulièrement adapté aux PME et ETI, tandis que SilaExpert génère plus de 6 millions de bulletins de paie par mois grâce à sa solution SaaS. Avec plus de 6 millions de bulletins de paie générés chaque mois, **Silae** est le leader du marché des solutions de gestion sociale pour les experts-comptables. Grâce à sa technologie SaaS et à ses mises à jour automatiques couvrant les aspects légaux et conventionnels, cette plateforme permet aux départements RH de gagner en efficacité et de se concentrer sur leurs missions stratégiques. Distribué par plus de 4 500 partenaires, SilaExpert fait la différence en offrant une solution complète qui répond aux besoins de la gestion sociale au sein des cabinets d'expertise comptable.
**Isapaye** et **OpenPaye** offrent des solutions dédiées à la gestion des fiches de paie et des déclarations sociales. Isapaye se distingue par sa grande variété de fonctionnalités, y compris la gestion des contrats spécifiques et une option pour la dématérialisation et la sécurisation de l'envoi des bulletins. OpenPaye, quant à lui, est spécialement conçu pour les TPE/PME et propose une interface intuitive pour le gestionnairede paie et des outils pour le calcul des soldes de tout compte.
**Paie Expert,** un logiciel de l'éditeur ACD offre une solution complète et évolutive qui est toujours à jour des dernières évolutions légales et conventionnelles. Il allège le suivi fastidieux des évolutions législatives et offre une optimisation de la tenue des salaires.
**eCollaboratrice** accompagne dans toutes les étapes de la gestion des ressources humaines, de la rédaction des contrats à la prévention des risques professionnels. Un logiciel de gestion qui offre les fonctionnalités de gestion des entretiens individuels, la saisie des variables de paie, et même un espace de stockage partagé avec les salariés.

","14 fiches","Titre long + Description courte",14,"[object Object]",[object Object],1,"eCollaboratrice, Rue de la paye , Cegid Quadra, Cegid Loop, SilaExpert, Paie Expert, Isapaye, Nibelis, EcoSysPaye, Paye Expert Solution, OpenPaye, Yeap, Sage 100 Paie & RH, Wagyz",[object Object],true,,
"Portail client","Logiciel_portail_client","Les 9 meilleurs logiciels de Portail client pour expert comptable - 2024","Découvrir notre liste des 9 meilleurs logiciels de Portail client dédiées aux expert comptables.","Le portail client d'un cabinet comptable a pour vocation à être le point d'entrée digital de l'entreprise vers son cabinet. Il permet de centraliser et fluidifier les échanges et de renforcer la relation client.
Il est donc pensé pour l'utilisateur final avant tout, mais aussi pour se connecter avec tout l'écosystème du cabinet ou des solutions que vous possédez. Il doit permettre d'à la fois sécuriser la restitution des informations que vous produisez à votre client, et collecter en temps réel ce qu'il doit vous transmettre.
L'écosystème de tous les outils que vous proposez à votre client s'enrichit (et va s'enrichir avec la facture électronique), et votre cabinet automatise ses processus. C'est là que prend tout l'intérêt de cette plateforme : gérer en un espace l'ensemble des services proposés au client, adapté à son profil, et que soit transparent pour lui vos processus et solutions internes.
","9 fiches","Titre long + Description courte",9,"[object Object]",[object Object],1,"i-Suite Expert, Cegid Loop, Welyb, MyCompanyFiles, Mihy, Skwarel, Teogest, IsaCompta Collaboratif, MyKinexo, EasyTeo, TaxDome",[object Object],true,,
"Signature électronique","Logiciel_signature_électronique","Les 7 meilleurs logiciels de Signature électronique pour expert comptable - 2024","Découvrir notre liste des 7 meilleurs logiciels de Signature électronique dédiées aux expert comptables.",,"7 fiches","Titre long + Description courte",7,"[object Object]",[object Object],1,"Docusign, Jesignexpert, Yousign, ChamberSign, oodrive sign, Docapost, Docaposte",[object Object],,,
"Mission juridique","Logiciel_mission_juridique","Les 19 meilleurs logiciels de Mission juridique pour expert comptable - 2024","Découvrir notre liste des 19 meilleurs logiciels de Mission juridique dédiées aux expert comptables.","L'univers des missions juridiques pour les experts-comptables est de plus en plus complexe et en constante évolution. Les exigences légales, le paysage fiscal changeant, et la digitalisation croissante des processus posent des défis considérables aux professionnels. Heureusement, une pléthore de solutions technologiques est disponible pour simplifier la vie des experts-comptables et optimiser leur efficacité dans les missions juridiques (secrétariat juridique, actes juridiques, assemblées générales, signature électronique, veille juridique, procès-verbal...) 
## **Digitalisation des processus juridiques**
La plateforme **Closd** propose une approche complète pour les opérations juridiques. Elle automatise tout, de l'échange de documents aux processus contractuels, et garantit une sécurité renforcée. Conçue par des anciens praticiens du droit, la plateforme sert déjà plus de 250 cabinets et entreprises. **ImpalAct**, une autre solution SaaS spécialisée en droit des sociétés, permet de se débarrasser des tâches à faible valeur ajoutée en automatisant les activités routinières. Que ce soit la rédaction de résolutions, la gestion des formalités ou le suivi des tâches, ImpalAct s'occupe de tout.
## **Gestion et archivage d'informations**
Si la gestion et l'archivage d'informations sont vos priorités, **Infogreffe** se présente comme une solution incontournable. Avec ses solutions numériques, Infogreffe facilite et sécurise la création et le développement des entreprises tout en proposant une plateforme riche en informations légales. Pour une gestion de l'information encore plus complète, **INNEO Missions juridiques** (Editions Francis Lefebvre) propose un ensemble d'outils pratiques et de documents types, qui peuvent être intégrés dans d'autres modules de la gamme INNEO Cabinet comptable.
## **Interface avec l'administration fiscale**
**Jedeclare.com** offre un guichet unique pour les télédéclarations fiscales et sociales. En plus de l'archivage sécurisé, la plateforme propose un suivi des échéances avec des alertes de paiement, facilitant ainsi la gestion des obligations réglementaires.
## **Outils spécialisés**
**Juriactes** est une solution nouvelle génération destinée exclusivement aux experts-comptables, avocats, juristes et commissaires aux comptes. Le logiciel de gestion s'intègre en API avec d'autres solutions pour une gestion complète. **Legal2Digital** simplifie la publication, la gestion et la recherche d'annonces légales, tandis que **LegalVision** se concentre sur l'externalisation de la gestion juridique en ligne. **Les Echos Annonces légales** offre une plateforme complète pour la gestion des annonces légales et des formalités juridiques, offrant même une visibilité sur ses supports via la rédaction de contenus techniques.
## **Portails d'information et bibliothèques en ligne**
Si vous cherchez un portail d'information, **Lexis 360 Intelligence** offre une base de contenus pratiques et de modèles juridiques. **Lexis PolyActe** se présente comme une solution complète pour la gestion de l'activité juridique de vos clients. **Lextenso**, quant à lui, est une base de données juridiques qui permet de suivre l'actualité juridique en temps réel, d'accéder à la doctrine et de trouver les jurisprudences pertinentes.

","19 fiches","Titre long + Description courte",19,"[object Object]",[object Object],1,"Legal2Digital, Weblex , Lexis PolyActe, Lexis 360 Intelligence, INNEO Missions juridiques, Juriactes, ImpalAct, Closd, Infogreffe, LegalVision, Les Echos Annonces légales, Lextenso, Pro-Legales, Ubikap, Jedeclare, Mon Juridique infogreffe, PFRegistre",[object Object],true,"Unnamed record",
"GED cabinet","Logiciel_ged_cabinet","Les 10 meilleurs logiciels de GED cabinet pour expert comptable - 2024","Découvrir notre liste des 10 meilleurs logiciels de GED cabinet dédiées aux expert comptables.",,"10 fiches","Description courte",10,"[object Object]",[object Object],1,"IsaGED Connect, Everial, Sharepoint, GED Windows, MoovApps (ex Novaxel), Zeendoc GED, GED Expert, Welyb, Teogest, Illinks",[object Object],,,
"Gestion des dépenses","Logiciel_gestion_des_dépenses","Les 7 meilleurs logiciels de Gestion des dépenses pour entreprise - 2024","Découvrir notre liste des 7 meilleurs logiciels de Gestion des dépenses dédiées aux entreprises.",,"7 fiches","Titre long + Description courte",7,"[object Object]",[object Object],1,"Izika, Expensya, Spendesk, N2F, MoonCard",[object Object],,,
"Gestion comptable entreprise","Logiciel_gestion_comptable_entreprise","Les 10 meilleurs logiciels de Gestion comptable  pour entreprise - 2024","Découvrir notre liste des 10 meilleurs logiciels de Gestion comptable  dédiées aux entreprises.",,"10 fiches","Titre long + Description courte",10,"[object Object]",[object Object],1,"Cegid Quadra Entreprise, EBP, Pennylane, Abby, Indy",[object Object],,,
"Gestion de projet","Logiciel_gestion_de_projet","Les 7 meilleurs logiciels de Gestion de projet pour entreprise - 2024","Découvrir notre liste des 7 meilleurs logiciels de Gestion de projet dédiées aux entreprises.","## **Pourquoi utiliser un logiciel de gestion de projet?** 
Ces outils permettent tous d'avoir une gestion par tâches, om chaque tâches à une liste de champs, et fait parties d'un ou plusieurs projets. Qui lui même fait partie d'un projet plus grand. Cette vision permet d'avoir un outil utilisé par l'opérationnel, les managers et les décisionnaires via des tableaux de bords dédiés.
Les logiciels de gestion de projet permettent d'organiser et de suivre l'avancement de chaque projet, assurant ainsi que les délais et les objectifs sont atteints. Ils offrent une coordination entre les équipes et les parties prenantes. De plus, ces outils aident à optimiser la gestion des ressources et à automatiser les tâches répétitives, améliorant ainsi l'efficacité et la productivité.

## **Fonctionnalités clés des logiciels de gestion de projet**
Un logiciel de gestion de projet se distingue par ses nombreuses fonctionnalités :
- **Gestion des Tâches et des Projets :** Permet de créer, assigner, et suivre les tâches au sein d’un projet.
- **Tableaux de Bord :** Offrent des vues de projet permettant de visualiser l’avancement et les délais.
- **Diagrammes de Gantt et Tableaux Kanban :** Aident à planifier les tâches et à visualiser les étapes du projet.
- **Intégrations avec d'Autres Outils :** Facilitent la synchronisation avec d'autres applications d'entreprise.
- **Gestion des Ressources :** Assurent une allocation efficace des ressources et du personnel.
- **Collaboration en Temps Réel :** Permettent une communication fluide entre les membres de l'équipe et les responsables.


## Cas d'usage de logiciels de gestion de projet dans divers contextes d'entreprise
**Suivi du Déploiement d'un Logiciel chez ses Clients pour une Entreprise SaaS**
Dans le cas d'une entreprise SaaS, le suivi du déploiement d'un logiciel chez ses clients est crucial. Un logiciel de gestion de projet peut être utilisé pour :
    - **Planification des Étapes de Déploiement :** Créer des tâches pour chaque étape du déploiement, du premier contact avec le client à la mise en œuvre finale.
    - **Suivi des Progrès :** Utiliser des diagrammes de Gantt pour visualiser l'avancement du déploiement et s'assurer que les délais sont respectés.
    - **Gestion des Feedbacks Clients :** Enregistrer les retours des clients directement dans le logiciel pour une réponse rapide et une amélioration continue du produit.
    - **Collaboration Interne et Externe :** Faciliter la communication entre les équipes de développement, de support et les clients grâce à des outils de collaboration intégrés.

**Suivi Marketing**
1. Les logiciels de gestion de projet permettent une gestion efficace des campagnes marketing :
    - **Planification des Campagnes :** Définir les objectifs, les tâches, et les délais des différentes campagnes marketing.
    - **Gestion du Contenu :** Suivre la création, la révision, et la publication du contenu marketing.
    - **Analyse des Performances :** Utiliser des tableaux de bord pour suivre les indicateurs clés de performance (KPI) des campagnes.
    - **Collaboration avec les Parties Prenantes :** Coordonner les efforts entre les équipes marketing, de vente, et autres parties prenantes.

**Suivi du Développement d'un Produit**
1. Le développement de produit nécessite une gestion précise et efficace :
    - **Gestion des Phases de Développement :** Suivre les différentes phases, de l'idéation à la production, en passant par le prototypage et les tests.
    - **Priorisation des Fonctionnalités :** Hiérarchiser les fonctionnalités à développer en fonction des retours clients et de la stratégie d'entreprise.
    - **Suivi Agile :** Adapter les méthodologies agiles pour une flexibilité maximale dans le développement.
    - **Gestion des Ressources :** Assurer que les ressources (humaines, matérielles, financières) sont allouées efficacement tout au long du projet.

**Suivi de Projets Transversaux (Exemple : Mise en Conformité Réglementaire)**
    - **Planification des Tâches Réglementaires :** Établir des tâches pour chaque exigence réglementaire à satisfaire.
    - **Suivi du Progrès :** Utiliser le logiciel pour suivre les étapes accomplies et celles restant à faire, en s'assurant de respecter les délais légaux.
    - **Documentation :** Centraliser la documentation nécessaire pour prouver la conformité.
    - **Collaboration Inter-départementale :** Faciliter la communication entre les départements juridique, financier, RH, etc
","7 fiches","Description courte",7,"[object Object]",[object Object],1,"Airtable, Asana, Notion, Monday, Miro, Smartsheet, ClickUp",[object Object],true,,
"Base de connaissance","_base_de_connaissance","Les 1 meilleurs s de Base de connaissance pour  - 2024","Découvrir notre liste des 1 meilleurs s de Base de connaissance dédiées aux s.",,"1 fiches","Description courte",1,,,0,"Notion",[object Object],,"Unnamed record",
"ERP","_erp","Les 0 meilleurs s d'ERP pour  - 2024","Découvrir notre liste des 0 meilleurs s d'ERP dédiées aux s.",,"0 fiches","Titre court + Description courte",0,,,0,,[object Object],,"Unnamed record",
"Business Intelligence","_business_intelligence","Les 0 meilleurs s de Business Intelligence pour  - 2024","Découvrir notre liste des 0 meilleurs s de Business Intelligence dédiées aux s.",,"0 fiches","Description courte",0,,,0,,[object Object],,,
"Sécurité informatique","_sécurité_informatique","Les 0 meilleurs s de Sécurité informatique pour  - 2024","Découvrir notre liste des 0 meilleurs s de Sécurité informatique dédiées aux s.",,"0 fiches","Description courte",0,,,0,,[object Object],,"Unnamed record",
"Automatisation comptable","Logiciel_automatisation_comptable","Les 13 meilleurs logiciels d'Automatisation comptable pour expert comptable - 2024","Découvrir notre liste des 13 meilleurs logiciels d'Automatisation comptable dédiées aux expert comptables.",,"13 fiches","Titre long + Description courte",13,"[object Object]",[object Object],1,,,,,